Title,Price,Rating,Colors,Size,Gender,Timestamp
T-shirt 2,1634400.0,3.9,3,M,Women,2026-01-30T21:21:07.447124
Hoodie 3,7950080.0,4.8,3,L,Unisex,2026-01-30T21:21:07.447235
Pants 4,7476960.0,3.3,3,XL,Men,2026-01-30T21:21:07.447329
Outerwear 5,5145440.0,3.5,3,XXL,Women,2026-01-30T21:21:07.447590
Jacket 6,2453920.0,3.3,3,S,Unisex,2026-01-30T21:21:07.447689
Crewneck 7,6892000.0,4.3,3,M,Men,2026-01-30T21:21:07.447780
T-shirt 8,7802560.0,3.1,3,L,Women,2026-01-30T21:21:07.447867
Hoodie 9,3972160.0,3.2,3,XL,Unisex,2026-01-30T21:21:07.447959
Pants 10,3100160.0,4.2,3,XXL,Men,2026-01-30T21:21:07.448045
Jacket 12,8527840.0,3.9,3,M,Unisex,2026-01-30T21:21:07.448225
Crewneck 13,5447200.0,3.2,3,L,Men,2026-01-30T21:21:07.448311
T-shirt 14,3248800.0,3.8,3,XL,Women,2026-01-30T21:21:07.448399
Hoodie 15,2184160.0,3.6,3,XXL,Unisex,2026-01-30T21:21:07.448486
Outerwear 17,841600.0,3.8,3,M,Women,2026-01-30T21:21:07.448683
Jacket 18,5500000.0,3.8,3,L,Unisex,2026-01-30T21:21:07.448770
Crewneck 19,1308960.0,3.6,3,XL,Men,2026-01-30T21:21:07.448853
T-shirt 20,1325600.0,3.4,3,XXL,Women,2026-01-30T21:21:07.448936
Pants 22,4319680.0,4.9,3,M,Men,2026-01-30T21:21:07.851783
Outerwear 23,4655840.0,3.7,3,L,Women,2026-01-30T21:21:07.851884
Jacket 24,8223520.0,3.9,3,XL,Unisex,2026-01-30T21:21:07.851977
Crewneck 25,8322559.999999999,3.3,3,XXL,Men,2026-01-30T21:21:07.852071
T-shirt 26,7292320.0,4.6,3,S,Women,2026-01-30T21:21:07.852164
Hoodie 27,3551840.0,4.8,3,M,Unisex,2026-01-30T21:21:07.852262
Pants 28,5216160.0,4.0,3,L,Men,2026-01-30T21:21:07.852352
Outerwear 29,861600.0,3.1,3,XL,Women,2026-01-30T21:21:07.852437
Jacket 30,8610240.0,3.7,3,XXL,Unisex,2026-01-30T21:21:07.852523
T-shirt 32,6657920.0,3.4,3,M,Women,2026-01-30T21:21:07.852702
Hoodie 33,7248160.0,3.5,3,L,Unisex,2026-01-30T21:21:07.852785
Pants 34,8362719.999999999,3.8,3,XL,Men,2026-01-30T21:21:07.852872
Outerwear 35,1356160.0,3.8,3,XXL,Women,2026-01-30T21:21:07.852955
Jacket 36,7249280.0,3.7,3,S,Unisex,2026-01-30T21:21:07.853039
Crewneck 37,6006080.0,4.0,3,M,Men,2026-01-30T21:21:07.853122
T-shirt 38,4866080.0,3.2,3,L,Women,2026-01-30T21:21:07.853203
Hoodie 39,6431200.0,4.6,3,XL,Unisex,2026-01-30T21:21:07.853286
Pants 40,5853600.0,3.1,3,XXL,Men,2026-01-30T21:21:07.853373
Jacket 42,6744160.0,3.7,3,M,Unisex,2026-01-30T21:21:08.242788
Crewneck 43,2909600.0,4.5,3,L,Men,2026-01-30T21:21:08.242901
T-shirt 44,3312320.0,3.0,3,XL,Women,2026-01-30T21:21:08.243009
Hoodie 45,8693120.0,4.5,3,XXL,Unisex,2026-01-30T21:21:08.243116
Outerwear 47,6364640.0,3.2,3,M,Women,2026-01-30T21:21:08.243361
Jacket 48,4994720.0,3.4,3,L,Unisex,2026-01-30T21:21:08.243463
Crewneck 49,1071200.0,4.0,3,XL,Men,2026-01-30T21:21:08.243560
T-shirt 50,5932960.0,3.1,3,XXL,Women,2026-01-30T21:21:08.243656
Pants 52,1596480.0,4.0,3,M,Men,2026-01-30T21:21:08.243852
Outerwear 53,4470880.0,4.3,3,L,Women,2026-01-30T21:21:08.243954
Jacket 54,854560.0,4.2,3,XL,Unisex,2026-01-30T21:21:08.244051
Crewneck 55,1793760.0,3.6,3,XXL,Men,2026-01-30T21:21:08.244147
T-shirt 56,4643040.0,3.8,3,S,Women,2026-01-30T21:21:08.244248
Hoodie 57,3155360.0,4.9,3,M,Unisex,2026-01-30T21:21:08.244350
Pants 58,1637760.0,4.4,3,L,Men,2026-01-30T21:21:08.244504
Outerwear 59,2254240.0,4.6,3,XL,Women,2026-01-30T21:21:08.244602
Jacket 60,3375520.0,4.2,3,XXL,Unisex,2026-01-30T21:21:08.244699
T-shirt 62,1376480.0,3.8,3,M,Women,2026-01-30T21:21:08.651031
Hoodie 63,6479200.0,3.6,3,L,Unisex,2026-01-30T21:21:08.651175
Pants 64,7728480.0,4.0,3,XL,Men,2026-01-30T21:21:08.651319
Outerwear 65,2385920.0,4.1,3,XXL,Women,2026-01-30T21:21:08.651451
Jacket 66,4353120.0,3.5,3,S,Unisex,2026-01-30T21:21:08.651570
Crewneck 67,8470720.0,3.5,3,M,Men,2026-01-30T21:21:08.651705
T-shirt 68,8025280.0,4.0,3,L,Women,2026-01-30T21:21:08.651826
Hoodie 69,1027839.9999999999,3.6,3,XL,Unisex,2026-01-30T21:21:08.651948
Pants 70,1171360.0,4.4,3,XXL,Men,2026-01-30T21:21:08.652065
Jacket 72,3776000.0,4.4,3,M,Unisex,2026-01-30T21:21:08.652307
Crewneck 73,2460320.0,3.0,3,L,Men,2026-01-30T21:21:08.652439
T-shirt 74,7704800.0,3.8,3,XL,Women,2026-01-30T21:21:08.652564
Hoodie 75,2101760.0,4.3,3,XXL,Unisex,2026-01-30T21:21:08.652685
Outerwear 77,861760.0,3.7,3,M,Women,2026-01-30T21:21:08.652974
Jacket 78,2716480.0,4.3,3,L,Unisex,2026-01-30T21:21:08.653100
Crewneck 79,3309600.0,4.6,3,XL,Men,2026-01-30T21:21:08.653216
T-shirt 80,4178399.9999999995,4.5,3,XXL,Women,2026-01-30T21:21:08.653341
Pants 82,8315520.0,4.8,3,M,Men,2026-01-30T21:21:09.033577
Outerwear 83,3947840.0,3.7,3,L,Women,2026-01-30T21:21:09.033652
Jacket 84,2826080.0,4.8,3,XL,Unisex,2026-01-30T21:21:09.033719
Crewneck 85,4564160.0,3.5,3,XXL,Men,2026-01-30T21:21:09.033793
T-shirt 86,1670880.0,3.9,3,S,Women,2026-01-30T21:21:09.033864
Hoodie 87,7870240.0,4.3,3,M,Unisex,2026-01-30T21:21:09.033930
Pants 88,7590400.0,3.1,3,L,Men,2026-01-30T21:21:09.033999
Outerwear 89,4856320.0,3.0,3,XL,Women,2026-01-30T21:21:09.034063
Jacket 90,7160000.0,4.0,3,XXL,Unisex,2026-01-30T21:21:09.034135
T-shirt 92,5012320.0,3.5,3,M,Women,2026-01-30T21:21:09.034272
Hoodie 93,1365280.0,3.6,3,L,Unisex,2026-01-30T21:21:09.034338
Pants 94,1074880.0,4.3,3,XL,Men,2026-01-30T21:21:09.034402
Outerwear 95,6062240.0,3.5,3,XXL,Women,2026-01-30T21:21:09.034464
Jacket 96,4598240.0,4.9,3,S,Unisex,2026-01-30T21:21:09.034526
Crewneck 97,6113120.0,3.9,3,M,Men,2026-01-30T21:21:09.034588
T-shirt 98,8596960.0,3.1,3,L,Women,2026-01-30T21:21:09.034652
Hoodie 99,5028000.0,3.6,3,XL,Unisex,2026-01-30T21:21:09.034718
Pants 100,2217280.0,4.6,3,XXL,Men,2026-01-30T21:21:09.034790
Jacket 102,3840640.0,3.3,3,M,Unisex,2026-01-30T21:21:09.475870
Crewneck 103,2331680.0,3.5,3,L,Men,2026-01-30T21:21:09.475939
T-shirt 104,2374400.0,3.8,3,XL,Women,2026-01-30T21:21:09.476023
Hoodie 105,5019840.0,4.2,3,XXL,Unisex,2026-01-30T21:21:09.476098
Outerwear 107,6625120.0,4.0,3,M,Women,2026-01-30T21:21:09.476252
Jacket 108,5551680.0,4.8,3,L,Unisex,2026-01-30T21:21:09.476318
Crewneck 109,5886880.0,3.3,3,XL,Men,2026-01-30T21:21:09.476379
T-shirt 110,7197120.0,4.6,3,XXL,Women,2026-01-30T21:21:09.476444
Pants 112,4261920.0,3.3,3,M,Men,2026-01-30T21:21:09.476569
Outerwear 113,4472000.0,3.7,3,L,Women,2026-01-30T21:21:09.476633
Jacket 114,5386560.0,4.9,3,XL,Unisex,2026-01-30T21:21:09.476704
Crewneck 115,1933280.0,4.5,3,XXL,Men,2026-01-30T21:21:09.476809
T-shirt 116,3474560.0,3.0,3,S,Women,2026-01-30T21:21:09.476932
Hoodie 117,3376320.0,5.0,3,M,Unisex,2026-01-30T21:21:09.477052
Pants 118,5585440.0,3.2,3,L,Men,2026-01-30T21:21:09.477168
Outerwear 119,3561760.0,3.4,3,XL,Women,2026-01-30T21:21:09.477290
Jacket 120,7480320.0,4.0,3,XXL,Unisex,2026-01-30T21:21:09.477424
T-shirt 122,1961920.0,3.6,3,M,Women,2026-01-30T21:21:09.987875
Hoodie 123,4498080.0,3.8,3,L,Unisex,2026-01-30T21:21:09.988009
Pants 124,7023520.0,3.2,3,XL,Men,2026-01-30T21:21:09.988133
Outerwear 125,6998240.0,4.2,3,XXL,Women,2026-01-30T21:21:09.988262
Jacket 126,4426080.0,3.9,3,S,Unisex,2026-01-30T21:21:09.988386
Crewneck 127,8311680.0,4.0,3,M,Men,2026-01-30T21:21:09.988505
T-shirt 128,4466720.0,3.8,3,L,Women,2026-01-30T21:21:09.988630
Hoodie 129,2532480.0,4.5,3,XL,Unisex,2026-01-30T21:21:09.988759
Pants 130,6603520.0,4.8,3,XXL,Men,2026-01-30T21:21:09.988879
Jacket 132,6474880.0,4.2,3,M,Unisex,2026-01-30T21:21:09.989125
Crewneck 133,2016320.0,4.7,3,L,Men,2026-01-30T21:21:09.989252
T-shirt 134,5937440.0,3.2,3,XL,Women,2026-01-30T21:21:09.989383
Hoodie 135,5141440.0,4.7,3,XXL,Unisex,2026-01-30T21:21:09.989515
Outerwear 137,6988320.0,4.5,3,M,Women,2026-01-30T21:21:09.989812
Jacket 138,4635520.0,3.4,3,L,Unisex,2026-01-30T21:21:09.989929
Crewneck 139,8053120.0,4.5,3,XL,Men,2026-01-30T21:21:09.990057
T-shirt 140,6811040.0,3.5,3,XXL,Women,2026-01-30T21:21:09.990182
Pants 142,2325280.0,4.9,3,M,Men,2026-01-30T21:21:10.400031
Outerwear 143,3346560.0,4.9,3,L,Women,2026-01-30T21:21:10.400159
Jacket 144,5758240.0,4.3,3,XL,Unisex,2026-01-30T21:21:10.400292
Crewneck 145,3472800.0,4.8,3,XXL,Men,2026-01-30T21:21:10.400412
T-shirt 146,7688640.0,4.3,3,S,Women,2026-01-30T21:21:10.400541
Hoodie 147,3052800.0,5.0,3,M,Unisex,2026-01-30T21:21:10.400992
Pants 148,6033440.0,4.7,3,L,Men,2026-01-30T21:21:10.401121
Outerwear 149,3105920.0,3.2,3,XL,Women,2026-01-30T21:21:10.401241
Jacket 150,1500640.0,3.6,3,XXL,Unisex,2026-01-30T21:21:10.401371
T-shirt 152,6288640.0,4.2,3,M,Women,2026-01-30T21:21:10.401643
Hoodie 153,2660640.0,4.3,3,L,Unisex,2026-01-30T21:21:10.401721
Pants 154,2337440.0,3.0,3,XL,Men,2026-01-30T21:21:10.401791
Outerwear 155,3783200.0,4.1,3,XXL,Women,2026-01-30T21:21:10.401885
Jacket 156,6645120.0,3.6,3,S,Unisex,2026-01-30T21:21:10.401951
Crewneck 157,1105760.0,4.0,3,M,Men,2026-01-30T21:21:10.402018
T-shirt 158,7321120.0,4.0,3,L,Women,2026-01-30T21:21:10.402085
Hoodie 159,2371680.0,4.9,3,XL,Unisex,2026-01-30T21:21:10.402179
Pants 160,2802880.0,3.4,3,XXL,Men,2026-01-30T21:21:10.402240
Jacket 162,1543840.0,4.5,3,M,Unisex,2026-01-30T21:21:11.331729
Crewneck 163,7861920.0,4.4,3,L,Men,2026-01-30T21:21:11.331798
T-shirt 164,3512000.0,3.9,3,XL,Women,2026-01-30T21:21:11.331870
Hoodie 165,6921280.0,4.9,3,XXL,Unisex,2026-01-30T21:21:11.331935
Outerwear 167,3273760.0,3.1,3,M,Women,2026-01-30T21:21:11.332085
Jacket 168,870400.0,4.4,3,L,Unisex,2026-01-30T21:21:11.332152
Crewneck 169,8032800.0,4.7,3,XL,Men,2026-01-30T21:21:11.332217
T-shirt 170,6677920.0,4.5,3,XXL,Women,2026-01-30T21:21:11.332283
Pants 172,1566080.0,4.9,3,M,Men,2026-01-30T21:21:11.332410
Outerwear 173,7034560.0,4.6,3,L,Women,2026-01-30T21:21:11.332472
Jacket 174,6282240.0,3.3,3,XL,Unisex,2026-01-30T21:21:11.332534
Crewneck 175,8125120.0,4.5,3,XXL,Men,2026-01-30T21:21:11.332593
T-shirt 176,6104320.0,3.6,3,S,Women,2026-01-30T21:21:11.332653
Hoodie 177,1890400.0,4.6,3,M,Unisex,2026-01-30T21:21:11.332716
Pants 178,6184160.0,3.0,3,L,Men,2026-01-30T21:21:11.332773
Outerwear 179,5816640.0,3.5,3,XL,Women,2026-01-30T21:21:11.332834
Jacket 180,5552640.0,3.9,3,XXL,Unisex,2026-01-30T21:21:11.332897
T-shirt 182,2334880.0,3.8,3,M,Women,2026-01-30T21:21:11.749586
Hoodie 183,3904640.0,3.6,3,L,Unisex,2026-01-30T21:21:11.749705
Pants 184,7759520.0,4.5,3,XL,Men,2026-01-30T21:21:11.749816
Outerwear 185,7822880.0,3.2,3,XXL,Women,2026-01-30T21:21:11.749925
Jacket 186,6940480.0,4.2,3,S,Unisex,2026-01-30T21:21:11.750034
Crewneck 187,6663520.0,3.8,3,M,Men,2026-01-30T21:21:11.750146
T-shirt 188,3927840.0,4.4,3,L,Women,2026-01-30T21:21:11.750262
Hoodie 189,1946720.0,4.0,3,XL,Unisex,2026-01-30T21:21:11.750374
Pants 190,2220960.0,4.5,3,XXL,Men,2026-01-30T21:21:11.750491
Jacket 192,5066240.0,3.8,3,M,Unisex,2026-01-30T21:21:11.750721
Crewneck 193,7355680.0,4.1,3,L,Men,2026-01-30T21:21:11.750835
T-shirt 194,2818720.0,4.9,3,XL,Women,2026-01-30T21:21:11.750947
Hoodie 195,7208960.0,4.9,3,XXL,Unisex,2026-01-30T21:21:11.751058
Outerwear 197,5681600.0,4.9,3,M,Women,2026-01-30T21:21:11.751326
Jacket 198,5435040.0,4.5,3,L,Unisex,2026-01-30T21:21:11.751441
Crewneck 199,6744320.0,3.1,3,XL,Men,2026-01-30T21:21:11.751548
T-shirt 200,6289920.0,3.5,3,XXL,Women,2026-01-30T21:21:11.751646
Pants 202,5592480.0,3.3,3,M,Men,2026-01-30T21:21:12.215946
Outerwear 203,2144000.0,3.4,3,L,Women,2026-01-30T21:21:12.216020
Jacket 204,6031040.0,3.9,3,XL,Unisex,2026-01-30T21:21:12.216095
Crewneck 205,6434880.0,3.2,3,XXL,Men,2026-01-30T21:21:12.216170
T-shirt 206,4674720.0,4.5,3,S,Women,2026-01-30T21:21:12.216240
Hoodie 207,6101440.0,3.5,3,M,Unisex,2026-01-30T21:21:12.216316
Pants 208,4637600.0,3.1,3,L,Men,2026-01-30T21:21:12.216389
Outerwear 209,7980640.0,4.3,3,XL,Women,2026-01-30T21:21:12.216456
Jacket 210,7827360.0,4.7,3,XXL,Unisex,2026-01-30T21:21:12.216526
T-shirt 212,8794880.0,4.7,3,M,Women,2026-01-30T21:21:12.216664
Hoodie 213,5748000.0,3.6,3,L,Unisex,2026-01-30T21:21:12.216733
Pants 214,4315680.0,4.9,3,XL,Men,2026-01-30T21:21:12.216807
Outerwear 215,1449600.0,3.8,3,XXL,Women,2026-01-30T21:21:12.216875
Jacket 216,4576480.0,4.6,3,S,Unisex,2026-01-30T21:21:12.216940
Crewneck 217,5772960.0,4.8,3,M,Men,2026-01-30T21:21:12.217007
T-shirt 218,5600320.0,3.1,3,L,Women,2026-01-30T21:21:12.217078
Hoodie 219,5671040.0,4.6,3,XL,Unisex,2026-01-30T21:21:12.217145
Pants 220,3357600.0,3.2,3,XXL,Men,2026-01-30T21:21:12.217209
Jacket 222,7438080.0,3.4,3,M,Unisex,2026-01-30T21:21:12.606212
Crewneck 223,952960.0,4.8,3,L,Men,2026-01-30T21:21:12.606306
T-shirt 224,3534560.0,4.5,3,XL,Women,2026-01-30T21:21:12.606401
Hoodie 225,5232800.0,3.5,3,XXL,Unisex,2026-01-30T21:21:12.606689
Outerwear 227,6742560.0,4.8,3,M,Women,2026-01-30T21:21:12.606939
Jacket 228,8076800.0,4.5,3,L,Unisex,2026-01-30T21:21:12.607034
Crewneck 229,3101920.0,4.9,3,XL,Men,2026-01-30T21:21:12.607123
T-shirt 230,7133280.0,4.5,3,XXL,Women,2026-01-30T21:21:12.607212
Pants 232,8327360.000000001,4.0,3,M,Men,2026-01-30T21:21:12.607387
Outerwear 233,847360.0,4.8,3,L,Women,2026-01-30T21:21:12.607473
Jacket 234,1159200.0,4.5,3,XL,Unisex,2026-01-30T21:21:12.607563
Crewneck 235,6560320.0,3.4,3,XXL,Men,2026-01-30T21:21:12.607649
T-shirt 236,5492320.0,3.9,3,S,Women,2026-01-30T21:21:12.607742
Hoodie 237,4743520.0,3.1,3,M,Unisex,2026-01-30T21:21:12.607835
Pants 238,8301920.0,3.8,3,L,Men,2026-01-30T21:21:12.607928
Outerwear 239,7934080.0,3.1,3,XL,Women,2026-01-30T21:21:12.608013
Jacket 240,7600000.0,3.8,3,XXL,Unisex,2026-01-30T21:21:12.608100
T-shirt 242,4833600.0,3.4,3,M,Women,2026-01-30T21:21:13.351479
Hoodie 243,3371680.0,3.1,3,L,Unisex,2026-01-30T21:21:13.351551
Pants 244,8116160.0,3.1,3,XL,Men,2026-01-30T21:21:13.351620
Outerwear 245,1451680.0,4.0,3,XXL,Women,2026-01-30T21:21:13.351693
Jacket 246,8735040.0,3.1,3,S,Unisex,2026-01-30T21:21:13.351763
Crewneck 247,8769120.0,3.0,3,M,Men,2026-01-30T21:21:13.351832
T-shirt 248,2280000.0,4.5,3,L,Women,2026-01-30T21:21:13.351901
Hoodie 249,2149440.0,4.2,3,XL,Unisex,2026-01-30T21:21:13.351970
Pants 250,4314240.0,3.1,3,XXL,Men,2026-01-30T21:21:13.352035
Jacket 252,8408480.0,3.2,3,M,Unisex,2026-01-30T21:21:13.352170
Crewneck 253,1854720.0,3.9,3,L,Men,2026-01-30T21:21:13.352239
T-shirt 254,5984160.0,3.9,3,XL,Women,2026-01-30T21:21:13.352308
Hoodie 255,3668000.0,4.1,3,XXL,Unisex,2026-01-30T21:21:13.352376
Outerwear 257,7073120.0,5.0,3,M,Women,2026-01-30T21:21:13.352532
Jacket 258,2080639.9999999998,4.7,3,L,Unisex,2026-01-30T21:21:13.352599
Crewneck 259,2275520.0,3.3,3,XL,Men,2026-01-30T21:21:13.352667
T-shirt 260,6271520.0,3.5,3,XXL,Women,2026-01-30T21:21:13.352732
Pants 262,1097760.0,3.4,3,M,Men,2026-01-30T21:21:13.760972
Outerwear 263,1878400.0,4.2,3,L,Women,2026-01-30T21:21:13.761063
Jacket 264,2063040.0,4.8,3,XL,Unisex,2026-01-30T21:21:13.761149
Crewneck 265,2483040.0,3.5,3,XXL,Men,2026-01-30T21:21:13.761236
T-shirt 266,4842080.0,4.6,3,S,Women,2026-01-30T21:21:13.761328
Hoodie 267,4086240.0,4.3,3,M,Unisex,2026-01-30T21:21:13.761414
Pants 268,5005120.0,3.6,3,L,Men,2026-01-30T21:21:13.761500
Outerwear 269,8073920.0,3.1,3,XL,Women,2026-01-30T21:21:13.761588
Jacket 270,2569120.0,4.2,3,XXL,Unisex,2026-01-30T21:21:13.761675
T-shirt 272,5811840.0,3.3,3,M,Women,2026-01-30T21:21:13.761838
Hoodie 273,5291360.0,4.9,3,L,Unisex,2026-01-30T21:21:13.761920
Pants 274,3669280.0,4.2,3,XL,Men,2026-01-30T21:21:13.762003
Outerwear 275,5575360.0,4.8,3,XXL,Women,2026-01-30T21:21:13.762085
Jacket 276,1013600.0,4.3,3,S,Unisex,2026-01-30T21:21:13.762172
Crewneck 277,2383680.0,4.7,3,M,Men,2026-01-30T21:21:13.762252
T-shirt 278,2087360.0000000002,3.8,3,L,Women,2026-01-30T21:21:13.762338
Hoodie 279,5592320.0,4.7,3,XL,Unisex,2026-01-30T21:21:13.762419
Pants 280,7501440.0,3.9,3,XXL,Men,2026-01-30T21:21:13.762496
Jacket 282,2227040.0,3.0,3,M,Unisex,2026-01-30T21:21:14.587628
Crewneck 283,6633120.0,3.2,3,L,Men,2026-01-30T21:21:14.587726
T-shirt 284,6568000.0,3.6,3,XL,Women,2026-01-30T21:21:14.587829
Hoodie 285,3009120.0,3.2,3,XXL,Unisex,2026-01-30T21:21:14.587930
Outerwear 287,5273600.0,3.7,3,M,Women,2026-01-30T21:21:14.588149
Jacket 288,3123040.0,4.1,3,L,Unisex,2026-01-30T21:21:14.588241
Crewneck 289,888000.0,4.0,3,XL,Men,2026-01-30T21:21:14.588337
T-shirt 290,6425120.0,4.2,3,XXL,Women,2026-01-30T21:21:14.588440
Pants 292,2384480.0,3.9,3,M,Men,2026-01-30T21:21:14.588635
Outerwear 293,1176160.0,4.5,3,L,Women,2026-01-30T21:21:14.588734
Jacket 294,5947200.0,3.8,3,XL,Unisex,2026-01-30T21:21:14.588831
Crewneck 295,7266720.0,4.9,3,XXL,Men,2026-01-30T21:21:14.588935
T-shirt 296,1172160.0,3.1,3,S,Women,2026-01-30T21:21:14.589040
Hoodie 297,7801120.0,3.6,3,M,Unisex,2026-01-30T21:21:14.589135
Pants 298,2426080.0,4.8,3,L,Men,2026-01-30T21:21:14.589273
Outerwear 299,1947840.0,4.3,3,XL,Women,2026-01-30T21:21:14.589369
Jacket 300,6408480.0,4.0,3,XXL,Unisex,2026-01-30T21:21:14.589477
T-shirt 302,5711200.0,3.2,3,M,Women,2026-01-30T21:21:15.008103
Hoodie 303,7974560.0,4.1,3,L,Unisex,2026-01-30T21:21:15.008192
Pants 304,7129760.0,3.4,3,XL,Men,2026-01-30T21:21:15.008278
Outerwear 305,6325440.0,4.5,3,XXL,Women,2026-01-30T21:21:15.008363
Jacket 306,7575040.0,4.2,3,S,Unisex,2026-01-30T21:21:15.008448
Crewneck 307,7735200.0,3.7,3,M,Men,2026-01-30T21:21:15.008529
T-shirt 308,4086080.0,4.1,3,L,Women,2026-01-30T21:21:15.008611
Hoodie 309,3953120.0,4.8,3,XL,Unisex,2026-01-30T21:21:15.008695
Pants 310,6329280.0,4.7,3,XXL,Men,2026-01-30T21:21:15.008778
Jacket 312,7267040.0,3.8,3,M,Unisex,2026-01-30T21:21:15.008937
Crewneck 313,1948320.0,3.1,3,L,Men,2026-01-30T21:21:15.009017
T-shirt 314,6017120.0,3.2,3,XL,Women,2026-01-30T21:21:15.009103
Hoodie 315,7022880.0,3.1,3,XXL,Unisex,2026-01-30T21:21:15.009187
Outerwear 317,5259040.0,3.3,3,M,Women,2026-01-30T21:21:15.009383
Jacket 318,5667200.0,3.7,3,L,Unisex,2026-01-30T21:21:15.009465
Crewneck 319,3085920.0,3.3,3,XL,Men,2026-01-30T21:21:15.009545
T-shirt 320,829440.0,3.3,3,XXL,Women,2026-01-30T21:21:15.009627
Pants 322,7810400.0,3.2,3,M,Men,2026-01-30T21:21:15.424372
Outerwear 323,8468000.0,3.1,3,L,Women,2026-01-30T21:21:15.424472
Jacket 324,6082720.0,3.3,3,XL,Unisex,2026-01-30T21:21:15.424570
Crewneck 325,3001760.0,3.4,3,XXL,Men,2026-01-30T21:21:15.424667
T-shirt 326,4519360.0,4.9,3,S,Women,2026-01-30T21:21:15.424763
Hoodie 327,6641440.0,4.4,3,M,Unisex,2026-01-30T21:21:15.424856
Pants 328,5732960.0,4.5,3,L,Men,2026-01-30T21:21:15.424955
Outerwear 329,6724160.0,4.7,3,XL,Women,2026-01-30T21:21:15.425058
Jacket 330,1591200.0,4.3,3,XXL,Unisex,2026-01-30T21:21:15.425159
T-shirt 332,2335680.0,3.4,3,M,Women,2026-01-30T21:21:15.425354
Hoodie 333,1746080.0,4.8,3,L,Unisex,2026-01-30T21:21:15.425450
Pants 334,2409440.0,3.8,3,XL,Men,2026-01-30T21:21:15.425544
Outerwear 335,2826720.0,3.0,3,XXL,Women,2026-01-30T21:21:15.425639
Jacket 336,6237760.0,5.0,3,S,Unisex,2026-01-30T21:21:15.425735
Crewneck 337,8608800.0,4.3,3,M,Men,2026-01-30T21:21:15.425828
T-shirt 338,2883360.0,3.9,3,L,Women,2026-01-30T21:21:15.425924
Hoodie 339,4424800.0,4.9,3,XL,Unisex,2026-01-30T21:21:15.426022
Pants 340,5975200.0,4.3,3,XXL,Men,2026-01-30T21:21:15.426115
Jacket 342,1827680.0,4.8,3,M,Unisex,2026-01-30T21:21:15.871790
Crewneck 343,2279040.0,4.1,3,L,Men,2026-01-30T21:21:15.871910
T-shirt 344,3415680.0,4.5,3,XL,Women,2026-01-30T21:21:15.872016
Hoodie 345,7577440.0,3.3,3,XXL,Unisex,2026-01-30T21:21:15.872121
Outerwear 347,6986080.0,4.7,3,M,Women,2026-01-30T21:21:15.872365
Jacket 348,3195040.0,4.6,3,L,Unisex,2026-01-30T21:21:15.872467
Crewneck 349,6085600.0,3.5,3,XL,Men,2026-01-30T21:21:15.872563
T-shirt 350,8047680.0,5.0,3,XXL,Women,2026-01-30T21:21:15.872657
Pants 352,2838880.0,4.0,3,M,Men,2026-01-30T21:21:15.872838
Outerwear 353,961600.0,3.6,3,L,Women,2026-01-30T21:21:15.872931
Jacket 354,2294720.0,3.8,3,XL,Unisex,2026-01-30T21:21:15.873027
Crewneck 355,4246560.0,3.2,3,XXL,Men,2026-01-30T21:21:15.873116
T-shirt 356,7150080.0,4.3,3,S,Women,2026-01-30T21:21:15.873214
Hoodie 357,3739360.0,3.6,3,M,Unisex,2026-01-30T21:21:15.873308
Pants 358,8479520.0,3.9,3,L,Men,2026-01-30T21:21:15.873400
Outerwear 359,1696480.0,4.3,3,XL,Women,2026-01-30T21:21:15.873496
Jacket 360,8788320.0,4.8,3,XXL,Unisex,2026-01-30T21:21:15.873590
T-shirt 362,4776800.0,5.0,3,M,Women,2026-01-30T21:21:16.268200
Hoodie 363,1171360.0,3.2,3,L,Unisex,2026-01-30T21:21:16.268290
Pants 364,4972800.0,4.8,3,XL,Men,2026-01-30T21:21:16.268377
Outerwear 365,6956480.0,4.5,3,XXL,Women,2026-01-30T21:21:16.268461
Jacket 366,5854880.0,4.9,3,S,Unisex,2026-01-30T21:21:16.268544
Crewneck 367,8359360.000000001,4.9,3,M,Men,2026-01-30T21:21:16.268634
T-shirt 368,965120.0,3.2,3,L,Women,2026-01-30T21:21:16.268718
Hoodie 369,7204960.0,4.7,3,XL,Unisex,2026-01-30T21:21:16.268800
Pants 370,4559680.0,3.6,3,XXL,Men,2026-01-30T21:21:16.268883
Jacket 372,5052960.0,3.6,3,M,Unisex,2026-01-30T21:21:16.269053
Crewneck 373,2231040.0,3.6,3,L,Men,2026-01-30T21:21:16.269296
T-shirt 374,7697120.0,3.9,3,XL,Women,2026-01-30T21:21:16.269382
Hoodie 375,7027520.0,3.9,3,XXL,Unisex,2026-01-30T21:21:16.269465
Outerwear 377,6802080.0,4.8,3,M,Women,2026-01-30T21:21:16.269659
Jacket 378,3402400.0,3.6,3,L,Unisex,2026-01-30T21:21:16.269742
Crewneck 379,3963200.0,4.4,3,XL,Men,2026-01-30T21:21:16.269825
T-shirt 380,2547040.0,3.8,3,XXL,Women,2026-01-30T21:21:16.269904
Pants 382,1356160.0,4.4,3,M,Men,2026-01-30T21:21:16.646281
Outerwear 383,3431040.0,3.4,3,L,Women,2026-01-30T21:21:16.646349
Jacket 384,1452960.0,3.3,3,XL,Unisex,2026-01-30T21:21:16.646416
Crewneck 385,7950720.0,4.9,3,XXL,Men,2026-01-30T21:21:16.646480
T-shirt 386,4793600.0,4.6,3,S,Women,2026-01-30T21:21:16.646547
Hoodie 387,8418080.0,4.2,3,M,Unisex,2026-01-30T21:21:16.646609
Pants 388,931200.0,3.1,3,L,Men,2026-01-30T21:21:16.646672
Outerwear 389,2883200.0,5.0,3,XL,Women,2026-01-30T21:21:16.646738
Jacket 390,5432960.0,3.3,3,XXL,Unisex,2026-01-30T21:21:16.646908
T-shirt 392,1226080.0,4.4,3,M,Women,2026-01-30T21:21:16.647076
Hoodie 393,4068480.0,3.2,3,L,Unisex,2026-01-30T21:21:16.647149
Pants 394,3540000.0,3.3,3,XL,Men,2026-01-30T21:21:16.647224
Outerwear 395,3098720.0,4.0,3,XXL,Women,2026-01-30T21:21:16.647293
Jacket 396,2505280.0,3.9,3,S,Unisex,2026-01-30T21:21:16.647363
Crewneck 397,855360.0,3.6,3,M,Men,2026-01-30T21:21:16.647434
T-shirt 398,4592800.0,4.7,3,L,Women,2026-01-30T21:21:16.647502
Hoodie 399,2523520.0,3.6,3,XL,Unisex,2026-01-30T21:21:16.647569
Pants 400,6020640.0,4.7,3,XXL,Men,2026-01-30T21:21:16.647635
Jacket 402,2029120.0,4.6,3,M,Unisex,2026-01-30T21:21:17.141087
Crewneck 403,1580320.0,4.1,3,L,Men,2026-01-30T21:21:17.141157
T-shirt 404,3501120.0,4.9,3,XL,Women,2026-01-30T21:21:17.141225
Hoodie 405,5080160.0,3.8,3,XXL,Unisex,2026-01-30T21:21:17.141295
Outerwear 407,2761280.0,3.7,3,M,Women,2026-01-30T21:21:17.141453
Jacket 408,4176000.0,4.9,3,L,Unisex,2026-01-30T21:21:17.141521
Crewneck 409,3221760.0,3.5,3,XL,Men,2026-01-30T21:21:17.141588
T-shirt 410,1586720.0,3.1,3,XXL,Women,2026-01-30T21:21:17.141653
Pants 412,5438240.0,4.4,3,M,Men,2026-01-30T21:21:17.141781
Outerwear 413,1306400.0,3.4,3,L,Women,2026-01-30T21:21:17.141844
Jacket 414,2234720.0,3.7,3,XL,Unisex,2026-01-30T21:21:17.141907
Crewneck 415,3617440.0,3.1,3,XXL,Men,2026-01-30T21:21:17.141966
T-shirt 416,4454080.0,3.1,3,S,Women,2026-01-30T21:21:17.142029
Hoodie 417,2769440.0,4.6,3,M,Unisex,2026-01-30T21:21:17.142089
Pants 418,6307840.0,5.0,3,L,Men,2026-01-30T21:21:17.142155
Outerwear 419,7004000.0,5.0,3,XL,Women,2026-01-30T21:21:17.142220
Jacket 420,2472640.0,3.1,3,XXL,Unisex,2026-01-30T21:21:17.142285
T-shirt 422,924320.0,3.9,3,M,Women,2026-01-30T21:21:17.965775
Hoodie 423,4601760.0,3.7,3,L,Unisex,2026-01-30T21:21:17.965874
Pants 424,3865760.0,4.4,3,XL,Men,2026-01-30T21:21:17.965976
Outerwear 425,2528480.0,4.8,3,XXL,Women,2026-01-30T21:21:17.966075
Jacket 426,3462400.0,3.4,3,S,Unisex,2026-01-30T21:21:17.966179
Crewneck 427,6375200.0,3.3,3,M,Men,2026-01-30T21:21:17.966278
T-shirt 428,7053120.0,4.9,3,L,Women,2026-01-30T21:21:17.966376
Hoodie 429,1658560.0,4.9,3,XL,Unisex,2026-01-30T21:21:17.966473
Pants 430,1442080.0,3.9,3,XXL,Men,2026-01-30T21:21:17.966738
Jacket 432,2151840.0,4.5,3,M,Unisex,2026-01-30T21:21:17.966965
Crewneck 433,3872480.0,4.2,3,L,Men,2026-01-30T21:21:17.967063
T-shirt 434,6557120.0,4.9,3,XL,Women,2026-01-30T21:21:17.967161
Hoodie 435,1015680.0,4.0,3,XXL,Unisex,2026-01-30T21:21:17.967258
Outerwear 437,1016800.0,3.9,3,M,Women,2026-01-30T21:21:17.967483
Jacket 438,2453120.0,4.5,3,L,Unisex,2026-01-30T21:21:17.967576
Crewneck 439,4005440.0,3.2,3,XL,Men,2026-01-30T21:21:17.967672
T-shirt 440,5326080.0,3.0,3,XXL,Women,2026-01-30T21:21:17.967769
Pants 442,4701600.0,4.3,3,M,Men,2026-01-30T21:21:18.341736
Outerwear 443,7262720.0,4.2,3,L,Women,2026-01-30T21:21:18.341831
Jacket 444,4016960.0,3.3,3,XL,Unisex,2026-01-30T21:21:18.341920
Crewneck 445,3574240.0,4.5,3,XXL,Men,2026-01-30T21:21:18.342012
T-shirt 446,7740160.0,3.2,3,S,Women,2026-01-30T21:21:18.342103
Hoodie 447,4748640.0,4.0,3,M,Unisex,2026-01-30T21:21:18.342185
Pants 448,820160.0,4.4,3,L,Men,2026-01-30T21:21:18.342272
Outerwear 449,6410080.0,4.0,3,XL,Women,2026-01-30T21:21:18.342358
Jacket 450,8754880.0,3.1,3,XXL,Unisex,2026-01-30T21:21:18.342446
T-shirt 452,6892800.0,4.4,3,M,Women,2026-01-30T21:21:18.342619
Hoodie 453,6576960.0,4.2,3,L,Unisex,2026-01-30T21:21:18.342705
Pants 454,2179520.0,5.0,3,XL,Men,2026-01-30T21:21:18.342788
Outerwear 455,1094080.0,4.8,3,XXL,Women,2026-01-30T21:21:18.342868
Jacket 456,8096000.0,4.1,3,S,Unisex,2026-01-30T21:21:18.342950
Crewneck 457,7342880.0,4.8,3,M,Men,2026-01-30T21:21:18.343031
T-shirt 458,4240000.0,4.4,3,L,Women,2026-01-30T21:21:18.343113
Hoodie 459,3237280.0,3.5,3,XL,Unisex,2026-01-30T21:21:18.343193
Pants 460,1880800.0,3.6,3,XXL,Men,2026-01-30T21:21:18.343272
Jacket 462,6767840.0,4.5,3,M,Unisex,2026-01-30T21:21:19.195221
Crewneck 463,7539520.0,4.5,3,L,Men,2026-01-30T21:21:19.195394
T-shirt 464,6070080.0,4.5,3,XL,Women,2026-01-30T21:21:19.195540
Hoodie 465,6164320.0,4.7,3,XXL,Unisex,2026-01-30T21:21:19.195729
Outerwear 467,1325920.0,3.5,3,M,Women,2026-01-30T21:21:19.196078
Jacket 468,4584960.0,3.7,3,L,Unisex,2026-01-30T21:21:19.196202
Crewneck 469,1738880.0,4.2,3,XL,Men,2026-01-30T21:21:19.196319
T-shirt 470,7738880.0,3.1,3,XXL,Women,2026-01-30T21:21:19.196540
Pants 472,3902080.0,3.1,3,M,Men,2026-01-30T21:21:19.196838
Outerwear 473,5478080.0,4.2,3,L,Women,2026-01-30T21:21:19.196955
Jacket 474,5864960.0,4.7,3,XL,Unisex,2026-01-30T21:21:19.197074
Crewneck 475,7017280.0,4.6,3,XXL,Men,2026-01-30T21:21:19.197192
T-shirt 476,3986240.0,4.3,3,S,Women,2026-01-30T21:21:19.197315
Hoodie 477,6626080.0,4.2,3,M,Unisex,2026-01-30T21:21:19.197430
Pants 478,4912000.0,3.8,3,L,Men,2026-01-30T21:21:19.197549
Outerwear 479,7302400.0,4.4,3,XL,Women,2026-01-30T21:21:19.197669
Jacket 480,4986240.0,4.2,3,XXL,Unisex,2026-01-30T21:21:19.197781
T-shirt 482,3352480.0,4.8,3,M,Women,2026-01-30T21:21:19.620174
Hoodie 483,4035040.0,4.2,3,L,Unisex,2026-01-30T21:21:19.620275
Pants 484,6428640.0,4.1,3,XL,Men,2026-01-30T21:21:19.620375
Outerwear 485,4044480.0,4.7,3,XXL,Women,2026-01-30T21:21:19.620474
Jacket 486,2573760.0,3.0,3,S,Unisex,2026-01-30T21:21:19.620568
Crewneck 487,6955520.0,3.7,3,M,Men,2026-01-30T21:21:19.620667
T-shirt 488,8789760.0,3.8,3,L,Women,2026-01-30T21:21:19.620762
Hoodie 489,3554560.0,5.0,3,XL,Unisex,2026-01-30T21:21:19.620855
Pants 490,7081600.0,3.1,3,XXL,Men,2026-01-30T21:21:19.620953
Jacket 492,6011840.0,3.0,3,M,Unisex,2026-01-30T21:21:19.621141
Crewneck 493,5071520.0,4.8,3,L,Men,2026-01-30T21:21:19.621237
T-shirt 494,1390080.0,3.4,3,XL,Women,2026-01-30T21:21:19.621335
Hoodie 495,1663200.0,4.5,3,XXL,Unisex,2026-01-30T21:21:19.621429
Outerwear 497,3957760.0,4.4,3,M,Women,2026-01-30T21:21:19.621653
Jacket 498,4412800.0,4.6,3,L,Unisex,2026-01-30T21:21:19.621743
Crewneck 499,7825920.0,4.1,3,XL,Men,2026-01-30T21:21:19.621837
T-shirt 500,8114400.0,4.2,3,XXL,Women,2026-01-30T21:21:19.621931
Pants 502,7132480.0,4.4,3,M,Men,2026-01-30T21:21:20.052715
Outerwear 503,4924480.0,4.8,3,L,Women,2026-01-30T21:21:20.052821
Jacket 504,8024480.0,5.0,3,XL,Unisex,2026-01-30T21:21:20.052922
Crewneck 505,8747680.0,4.3,3,XXL,Men,2026-01-30T21:21:20.053021
T-shirt 506,8572000.0,3.6,3,S,Women,2026-01-30T21:21:20.053121
Hoodie 507,6844000.0,4.7,3,M,Unisex,2026-01-30T21:21:20.053215
Pants 508,7766080.0,3.5,3,L,Men,2026-01-30T21:21:20.053315
Outerwear 509,7178400.0,3.1,3,XL,Women,2026-01-30T21:21:20.053419
Jacket 510,1562080.0,3.4,3,XXL,Unisex,2026-01-30T21:21:20.053510
T-shirt 512,4319680.0,3.7,3,M,Women,2026-01-30T21:21:20.053689
Hoodie 513,1693760.0,4.4,3,L,Unisex,2026-01-30T21:21:20.053779
Pants 514,6888960.0,3.9,3,XL,Men,2026-01-30T21:21:20.053875
Outerwear 515,7262560.0,3.1,3,XXL,Women,2026-01-30T21:21:20.053967
Jacket 516,7130720.0,3.4,3,S,Unisex,2026-01-30T21:21:20.054055
Crewneck 517,1069280.0,3.5,3,M,Men,2026-01-30T21:21:20.054145
T-shirt 518,2575680.0,4.1,3,L,Women,2026-01-30T21:21:20.054232
Hoodie 519,2236160.0,4.5,3,XL,Unisex,2026-01-30T21:21:20.054322
Pants 520,2308320.0,3.8,3,XXL,Men,2026-01-30T21:21:20.054410
Jacket 522,6292960.0,4.0,3,M,Unisex,2026-01-30T21:21:20.464471
Crewneck 523,3626720.0,4.6,3,L,Men,2026-01-30T21:21:20.464573
T-shirt 524,936000.0,3.8,3,XL,Women,2026-01-30T21:21:20.464678
Hoodie 525,7919040.0,3.6,3,XXL,Unisex,2026-01-30T21:21:20.464779
Outerwear 527,4669280.0,3.6,3,M,Women,2026-01-30T21:21:20.465009
Jacket 528,5595840.0,4.0,3,L,Unisex,2026-01-30T21:21:20.465111
Crewneck 529,1420160.0,3.2,3,XL,Men,2026-01-30T21:21:20.465208
T-shirt 530,6173760.0,3.3,3,XXL,Women,2026-01-30T21:21:20.465306
Pants 532,8391200.0,4.1,3,M,Men,2026-01-30T21:21:20.465514
Outerwear 533,3370240.0,4.2,3,L,Women,2026-01-30T21:21:20.465608
Jacket 534,3479200.0,3.7,3,XL,Unisex,2026-01-30T21:21:20.465702
Crewneck 535,3901280.0,3.7,3,XXL,Men,2026-01-30T21:21:20.465797
T-shirt 536,5092480.0,3.0,3,S,Women,2026-01-30T21:21:20.465890
Hoodie 537,8671840.0,3.1,3,M,Unisex,2026-01-30T21:21:20.465983
Pants 538,6134240.0,3.4,3,L,Men,2026-01-30T21:21:20.466079
Outerwear 539,4692640.0,4.7,3,XL,Women,2026-01-30T21:21:20.466176
Jacket 540,7051840.0,4.4,3,XXL,Unisex,2026-01-30T21:21:20.466270
T-shirt 542,4761440.0,3.5,3,M,Women,2026-01-30T21:21:20.884128
Hoodie 543,8715680.0,4.7,3,L,Unisex,2026-01-30T21:21:20.884214
Pants 544,5957760.0,3.1,3,XL,Men,2026-01-30T21:21:20.884295
Outerwear 545,3579360.0,4.0,3,XXL,Women,2026-01-30T21:21:20.884374
Jacket 546,6271520.0,3.3,3,S,Unisex,2026-01-30T21:21:20.884454
Crewneck 547,5361120.0,3.9,3,M,Men,2026-01-30T21:21:20.884532
T-shirt 548,2686240.0,4.6,3,L,Women,2026-01-30T21:21:20.884610
Hoodie 549,2687200.0,3.7,3,XL,Unisex,2026-01-30T21:21:20.884688
Pants 550,4450080.0,4.9,3,XXL,Men,2026-01-30T21:21:20.884764
Jacket 552,5380320.0,4.1,3,M,Unisex,2026-01-30T21:21:20.884914
Crewneck 553,7760800.0,3.8,3,L,Men,2026-01-30T21:21:20.884995
T-shirt 554,4001120.0,4.5,3,XL,Women,2026-01-30T21:21:20.885070
Hoodie 555,1809600.0,3.0,3,XXL,Unisex,2026-01-30T21:21:20.885147
Outerwear 557,5460480.0,3.4,3,M,Women,2026-01-30T21:21:20.885335
Jacket 558,5007040.0,4.0,3,L,Unisex,2026-01-30T21:21:20.885412
Crewneck 559,1590880.0,3.5,3,XL,Men,2026-01-30T21:21:20.885492
T-shirt 560,6885280.0,4.2,3,XXL,Women,2026-01-30T21:21:20.885568
Pants 562,3724160.0,4.5,3,M,Men,2026-01-30T21:21:21.288276
Outerwear 563,8197440.000000001,4.7,3,L,Women,2026-01-30T21:21:21.288367
Jacket 564,8319200.000000001,4.3,3,XL,Unisex,2026-01-30T21:21:21.288519
Crewneck 565,7635200.0,3.5,3,XXL,Men,2026-01-30T21:21:21.288613
T-shirt 566,2611360.0,4.6,3,S,Women,2026-01-30T21:21:21.288703
Hoodie 567,4576160.0,3.2,3,M,Unisex,2026-01-30T21:21:21.288789
Pants 568,2984160.0,3.3,3,L,Men,2026-01-30T21:21:21.288878
Outerwear 569,4966880.0,4.7,3,XL,Women,2026-01-30T21:21:21.288968
Jacket 570,4000960.0,3.9,3,XXL,Unisex,2026-01-30T21:21:21.289058
T-shirt 572,4756320.0,3.2,3,M,Women,2026-01-30T21:21:21.289229
Hoodie 573,6954080.0,4.5,3,L,Unisex,2026-01-30T21:21:21.289319
Pants 574,2424000.0,3.8,3,XL,Men,2026-01-30T21:21:21.289405
Outerwear 575,3517760.0,3.4,3,XXL,Women,2026-01-30T21:21:21.289495
Jacket 576,805600.0,3.5,3,S,Unisex,2026-01-30T21:21:21.289580
Crewneck 577,7873920.0,3.3,3,M,Men,2026-01-30T21:21:21.289664
T-shirt 578,7958880.0,4.1,3,L,Women,2026-01-30T21:21:21.289751
Hoodie 579,4428640.0,4.4,3,XL,Unisex,2026-01-30T21:21:21.289839
Pants 580,2625440.0,3.3,3,XXL,Men,2026-01-30T21:21:21.289926
Jacket 582,4112160.0,4.1,3,M,Unisex,2026-01-30T21:21:21.714283
Crewneck 583,5737760.0,4.5,3,L,Men,2026-01-30T21:21:21.714380
T-shirt 584,6964960.0,4.8,3,XL,Women,2026-01-30T21:21:21.714477
Hoodie 585,6186880.0,4.9,3,XXL,Unisex,2026-01-30T21:21:21.714568
Outerwear 587,4424960.0,4.4,3,M,Women,2026-01-30T21:21:21.714782
Jacket 588,4963040.0,4.7,3,L,Unisex,2026-01-30T21:21:21.714874
Crewneck 589,931840.0,4.7,3,XL,Men,2026-01-30T21:21:21.714963
T-shirt 590,6457120.0,3.9,3,XXL,Women,2026-01-30T21:21:21.715051
Pants 592,6805440.0,4.3,3,M,Men,2026-01-30T21:21:21.715242
Outerwear 593,7163840.0,3.9,3,L,Women,2026-01-30T21:21:21.715337
Jacket 594,8707680.0,4.2,3,XL,Unisex,2026-01-30T21:21:21.715428
Crewneck 595,3723840.0,3.5,3,XXL,Men,2026-01-30T21:21:21.715516
T-shirt 596,8290400.0,4.4,3,S,Women,2026-01-30T21:21:21.715607
Hoodie 597,7969440.0,3.3,3,M,Unisex,2026-01-30T21:21:21.715785
Pants 598,4714080.0,4.1,3,L,Men,2026-01-30T21:21:21.715870
Outerwear 599,1179040.0,3.3,3,XL,Women,2026-01-30T21:21:21.715959
Jacket 600,6414080.0,3.0,3,XXL,Unisex,2026-01-30T21:21:21.716104
T-shirt 602,2260960.0,4.4,3,M,Women,2026-01-30T21:21:22.104400
Hoodie 603,7511520.0,3.1,3,L,Unisex,2026-01-30T21:21:22.104488
Pants 604,7662240.0,4.3,3,XL,Men,2026-01-30T21:21:22.104573
Outerwear 605,1710720.0,3.7,3,XXL,Women,2026-01-30T21:21:22.104655
Jacket 606,5770720.0,4.6,3,S,Unisex,2026-01-30T21:21:22.104738
Crewneck 607,3857600.0,3.1,3,M,Men,2026-01-30T21:21:22.104819
T-shirt 608,7047840.0,4.6,3,L,Women,2026-01-30T21:21:22.104900
Hoodie 609,2956320.0,4.1,3,XL,Unisex,2026-01-30T21:21:22.104984
Pants 610,4515360.0,3.3,3,XXL,Men,2026-01-30T21:21:22.105068
Jacket 612,3202720.0,3.1,3,M,Unisex,2026-01-30T21:21:22.105259
Crewneck 613,1013920.0,3.6,3,L,Men,2026-01-30T21:21:22.105350
T-shirt 614,2428160.0,3.1,3,XL,Women,2026-01-30T21:21:22.105438
Hoodie 615,4798720.0,4.8,3,XXL,Unisex,2026-01-30T21:21:22.105525
Outerwear 617,1765920.0,4.3,3,M,Women,2026-01-30T21:21:22.105720
Jacket 618,6474080.0,3.3,3,L,Unisex,2026-01-30T21:21:22.105802
Crewneck 619,8340639.999999999,4.4,3,XL,Men,2026-01-30T21:21:22.105884
T-shirt 620,2270240.0,3.3,3,XXL,Women,2026-01-30T21:21:22.105963
Pants 622,4849600.0,3.5,3,M,Men,2026-01-30T21:21:22.515960
Outerwear 623,7299520.0,4.6,3,L,Women,2026-01-30T21:21:22.516059
Jacket 624,6943200.0,3.9,3,XL,Unisex,2026-01-30T21:21:22.516160
Crewneck 625,7826400.0,4.1,3,XXL,Men,2026-01-30T21:21:22.516256
T-shirt 626,7777440.0,4.5,3,S,Women,2026-01-30T21:21:22.516350
Hoodie 627,1232320.0,3.2,3,M,Unisex,2026-01-30T21:21:22.516442
Pants 628,8113120.0,4.3,3,L,Men,2026-01-30T21:21:22.516536
Outerwear 629,3997920.0,4.4,3,XL,Women,2026-01-30T21:21:22.516625
Jacket 630,1003680.0,3.8,3,XXL,Unisex,2026-01-30T21:21:22.516714
T-shirt 632,4314240.0,3.6,3,M,Women,2026-01-30T21:21:22.516889
Hoodie 633,3128000.0,3.1,3,L,Unisex,2026-01-30T21:21:22.517119
Pants 634,8535680.0,3.9,3,XL,Men,2026-01-30T21:21:22.517241
Outerwear 635,6897120.0,4.1,3,XXL,Women,2026-01-30T21:21:22.517338
Jacket 636,3476320.0,4.5,3,S,Unisex,2026-01-30T21:21:22.517438
Crewneck 637,6030240.0,4.0,3,M,Men,2026-01-30T21:21:22.517527
T-shirt 638,5220960.0,4.6,3,L,Women,2026-01-30T21:21:22.517614
Hoodie 639,6782720.0,4.7,3,XL,Unisex,2026-01-30T21:21:22.517700
Pants 640,3038560.0,3.8,3,XXL,Men,2026-01-30T21:21:22.517783
Jacket 642,7747360.0,4.7,3,M,Unisex,2026-01-30T21:21:22.930325
Crewneck 643,6116000.0,3.2,3,L,Men,2026-01-30T21:21:22.930411
T-shirt 644,7479360.0,4.2,3,XL,Women,2026-01-30T21:21:22.930493
Hoodie 645,3285440.0,3.3,3,XXL,Unisex,2026-01-30T21:21:22.930582
Outerwear 647,4304960.0,3.8,3,M,Women,2026-01-30T21:21:22.930784
Jacket 648,8699520.0,4.5,3,L,Unisex,2026-01-30T21:21:22.930869
Crewneck 649,8588160.0,3.2,3,XL,Men,2026-01-30T21:21:22.930951
T-shirt 650,8012800.0,3.4,3,XXL,Women,2026-01-30T21:21:22.931036
Pants 652,6084960.0,3.3,3,M,Men,2026-01-30T21:21:22.931201
Outerwear 653,2622080.0,4.0,3,L,Women,2026-01-30T21:21:22.931292
Jacket 654,4089440.0,4.7,3,XL,Unisex,2026-01-30T21:21:22.931377
Crewneck 655,1834240.0,4.1,3,XXL,Men,2026-01-30T21:21:22.931453
T-shirt 656,2538720.0,4.2,3,S,Women,2026-01-30T21:21:22.931529
Hoodie 657,8459040.0,4.8,3,M,Unisex,2026-01-30T21:21:22.931604
Pants 658,6268320.0,3.8,3,L,Men,2026-01-30T21:21:22.931681
Outerwear 659,1817920.0,3.3,3,XL,Women,2026-01-30T21:21:22.931761
Jacket 660,8715200.0,3.5,3,XXL,Unisex,2026-01-30T21:21:22.931841
T-shirt 662,1422720.0,4.5,3,M,Women,2026-01-30T21:21:23.366708
Hoodie 663,7087200.0,4.0,3,L,Unisex,2026-01-30T21:21:23.366819
Pants 664,8248639.999999999,3.5,3,XL,Men,2026-01-30T21:21:23.366922
Outerwear 665,4033600.0,3.2,3,XXL,Women,2026-01-30T21:21:23.367024
Jacket 666,4844000.0,3.9,3,S,Unisex,2026-01-30T21:21:23.367123
Crewneck 667,1756640.0,3.7,3,M,Men,2026-01-30T21:21:23.367268
T-shirt 668,5044640.0,3.7,3,L,Women,2026-01-30T21:21:23.367369
Hoodie 669,2346080.0,3.3,3,XL,Unisex,2026-01-30T21:21:23.367470
Pants 670,8406720.0,4.8,3,XXL,Men,2026-01-30T21:21:23.367571
Jacket 672,4776160.0,4.5,3,M,Unisex,2026-01-30T21:21:23.367801
Crewneck 673,2803360.0,4.7,3,L,Men,2026-01-30T21:21:23.367903
T-shirt 674,3156640.0,3.1,3,XL,Women,2026-01-30T21:21:23.368038
Hoodie 675,4314880.0,3.2,3,XXL,Unisex,2026-01-30T21:21:23.368147
Outerwear 677,4657440.0,3.3,3,M,Women,2026-01-30T21:21:23.368390
Jacket 678,2777120.0,4.3,3,L,Unisex,2026-01-30T21:21:23.368489
Crewneck 679,6373120.0,3.2,3,XL,Men,2026-01-30T21:21:23.368590
T-shirt 680,8164800.0,3.2,3,XXL,Women,2026-01-30T21:21:23.368703
Pants 682,7616480.0,3.9,3,M,Men,2026-01-30T21:21:23.775904
Outerwear 683,3907360.0,3.6,3,L,Women,2026-01-30T21:21:23.776000
Jacket 684,7102560.0,3.5,3,XL,Unisex,2026-01-30T21:21:23.776159
Crewneck 685,1495840.0,4.6,3,XXL,Men,2026-01-30T21:21:23.776250
T-shirt 686,5381760.0,3.8,3,S,Women,2026-01-30T21:21:23.776339
Hoodie 687,4220800.0,4.7,3,M,Unisex,2026-01-30T21:21:23.776427
Pants 688,1487520.0,4.4,3,L,Men,2026-01-30T21:21:23.776513
Outerwear 689,1939040.0,4.6,3,XL,Women,2026-01-30T21:21:23.776597
Jacket 690,8782560.0,4.7,3,XXL,Unisex,2026-01-30T21:21:23.776683
T-shirt 692,1416480.0,4.1,3,M,Women,2026-01-30T21:21:23.776858
Hoodie 693,3031680.0,4.1,3,L,Unisex,2026-01-30T21:21:23.776943
Pants 694,2466720.0,3.4,3,XL,Men,2026-01-30T21:21:23.777175
Outerwear 695,959360.0,3.3,3,XXL,Women,2026-01-30T21:21:23.777297
Jacket 696,5146240.0,4.2,3,S,Unisex,2026-01-30T21:21:23.777396
Crewneck 697,6545120.0,5.0,3,M,Men,2026-01-30T21:21:23.777488
T-shirt 698,2444960.0,4.1,3,L,Women,2026-01-30T21:21:23.777574
Hoodie 699,5250240.0,4.5,3,XL,Unisex,2026-01-30T21:21:23.777660
Pants 700,3526560.0,4.3,3,XXL,Men,2026-01-30T21:21:23.777750
Jacket 702,4927680.0,4.3,3,M,Unisex,2026-01-30T21:21:24.169104
Crewneck 703,2949120.0,4.2,3,L,Men,2026-01-30T21:21:24.169195
T-shirt 704,6214240.0,4.1,3,XL,Women,2026-01-30T21:21:24.169283
Hoodie 705,3042880.0,3.1,3,XXL,Unisex,2026-01-30T21:21:24.169366
Outerwear 707,7746240.0,4.4,3,M,Women,2026-01-30T21:21:24.169566
Jacket 708,8541280.0,4.3,3,L,Unisex,2026-01-30T21:21:24.169653
Crewneck 709,7022400.0,3.9,3,XL,Men,2026-01-30T21:21:24.169740
T-shirt 710,3751520.0,3.2,3,XXL,Women,2026-01-30T21:21:24.169827
Pants 712,1510400.0,4.1,3,M,Men,2026-01-30T21:21:24.169997
Outerwear 713,3142880.0,4.4,3,L,Women,2026-01-30T21:21:24.170077
Jacket 714,892320.0,3.1,3,XL,Unisex,2026-01-30T21:21:24.170158
Crewneck 715,7021760.0,3.9,3,XXL,Men,2026-01-30T21:21:24.170244
T-shirt 716,3602560.0,4.9,3,S,Women,2026-01-30T21:21:24.170330
Hoodie 717,1532800.0,3.6,3,M,Unisex,2026-01-30T21:21:24.170415
Pants 718,4057120.0,3.2,3,L,Men,2026-01-30T21:21:24.170499
Outerwear 719,3172960.0,4.7,3,XL,Women,2026-01-30T21:21:24.170584
Jacket 720,2028320.0,3.8,3,XXL,Unisex,2026-01-30T21:21:24.170665
T-shirt 722,8724320.0,3.2,3,M,Women,2026-01-30T21:21:24.576275
Hoodie 723,5664800.0,3.4,3,L,Unisex,2026-01-30T21:21:24.576377
Pants 724,4824800.0,4.7,3,XL,Men,2026-01-30T21:21:24.576671
Outerwear 725,4979200.0,3.0,3,XXL,Women,2026-01-30T21:21:24.576829
Jacket 726,6345920.0,3.5,3,S,Unisex,2026-01-30T21:21:24.576948
Crewneck 727,4024000.0,4.8,3,M,Men,2026-01-30T21:21:24.577060
T-shirt 728,8173440.0,3.0,3,L,Women,2026-01-30T21:21:24.577163
Hoodie 729,6431360.0,3.6,3,XL,Unisex,2026-01-30T21:21:24.577271
Pants 730,7228800.0,4.5,3,XXL,Men,2026-01-30T21:21:24.577372
Jacket 732,6597600.0,3.9,3,M,Unisex,2026-01-30T21:21:24.577579
Crewneck 733,1162880.0,4.7,3,L,Men,2026-01-30T21:21:24.577686
T-shirt 734,6858560.0,4.2,3,XL,Women,2026-01-30T21:21:24.577790
Hoodie 735,4664320.0,4.0,3,XXL,Unisex,2026-01-30T21:21:24.577893
Outerwear 737,1015680.0,4.7,3,M,Women,2026-01-30T21:21:24.578136
Jacket 738,1893920.0,3.7,3,L,Unisex,2026-01-30T21:21:24.578240
Crewneck 739,8072960.0,3.3,3,XL,Men,2026-01-30T21:21:24.578343
T-shirt 740,7016640.0,3.4,3,XXL,Women,2026-01-30T21:21:24.578446
Pants 742,5626080.0,3.6,3,M,Men,2026-01-30T21:21:25.044438
Outerwear 743,5678080.0,3.0,3,L,Women,2026-01-30T21:21:25.044480
Jacket 744,5175680.0,4.1,3,XL,Unisex,2026-01-30T21:21:25.044520
Crewneck 745,2882560.0,3.8,3,XXL,Men,2026-01-30T21:21:25.044558
T-shirt 746,1517440.0,5.0,3,S,Women,2026-01-30T21:21:25.044598
Hoodie 747,6326880.0,4.7,3,M,Unisex,2026-01-30T21:21:25.044636
Pants 748,3134080.0,3.7,3,L,Men,2026-01-30T21:21:25.044674
Outerwear 749,2627360.0,3.2,3,XL,Women,2026-01-30T21:21:25.044713
Jacket 750,1030400.0000000001,3.7,3,XXL,Unisex,2026-01-30T21:21:25.044752
T-shirt 752,7431520.0,3.8,3,M,Women,2026-01-30T21:21:25.044826
Hoodie 753,8137600.0,4.8,3,L,Unisex,2026-01-30T21:21:25.044862
Pants 754,7229760.0,3.1,3,XL,Men,2026-01-30T21:21:25.044901
Outerwear 755,6910400.0,4.6,3,XXL,Women,2026-01-30T21:21:25.044938
Jacket 756,7128000.0,3.1,3,S,Unisex,2026-01-30T21:21:25.044975
Crewneck 757,7582720.0,4.4,3,M,Men,2026-01-30T21:21:25.045011
T-shirt 758,6025920.0,3.1,3,L,Women,2026-01-30T21:21:25.045052
Hoodie 759,2779840.0,4.7,3,XL,Unisex,2026-01-30T21:21:25.045090
Pants 760,2191040.0,4.1,3,XXL,Men,2026-01-30T21:21:25.045128
Jacket 762,4091840.0,4.9,3,M,Unisex,2026-01-30T21:21:25.962700
Crewneck 763,5792640.0,3.9,3,L,Men,2026-01-30T21:21:25.962810
T-shirt 764,7211680.0,3.4,3,XL,Women,2026-01-30T21:21:25.962920
Hoodie 765,1343360.0,4.9,3,XXL,Unisex,2026-01-30T21:21:25.963032
Outerwear 767,4152800.0,4.5,3,M,Women,2026-01-30T21:21:25.963275
Jacket 768,5662080.0,4.9,3,L,Unisex,2026-01-30T21:21:25.963384
Crewneck 769,6294560.0,3.3,3,XL,Men,2026-01-30T21:21:25.963489
T-shirt 770,1655040.0,3.5,3,XXL,Women,2026-01-30T21:21:25.963590
Pants 772,8748160.0,3.4,3,M,Men,2026-01-30T21:21:25.963915
Outerwear 773,3393600.0,3.2,3,L,Women,2026-01-30T21:21:25.964035
Jacket 774,1485760.0,4.1,3,XL,Unisex,2026-01-30T21:21:25.964147
Crewneck 775,8189440.0,3.1,3,XXL,Men,2026-01-30T21:21:25.964255
T-shirt 776,5333120.0,3.7,3,S,Women,2026-01-30T21:21:25.964375
Hoodie 777,6104800.0,3.4,3,M,Unisex,2026-01-30T21:21:25.964481
Pants 778,6034720.0,4.2,3,L,Men,2026-01-30T21:21:25.964588
Outerwear 779,5816480.0,3.2,3,XL,Women,2026-01-30T21:21:25.964697
Jacket 780,2767520.0,3.4,3,XXL,Unisex,2026-01-30T21:21:25.964800
T-shirt 782,4117439.9999999995,4.5,3,M,Women,2026-01-30T21:21:26.372681
Hoodie 783,2510720.0,3.0,3,L,Unisex,2026-01-30T21:21:26.372773
Pants 784,5341280.0,3.0,3,XL,Men,2026-01-30T21:21:26.372864
Outerwear 785,6444480.0,4.3,3,XXL,Women,2026-01-30T21:21:26.372958
Jacket 786,6749280.0,5.0,3,S,Unisex,2026-01-30T21:21:26.373051
Crewneck 787,4593600.0,4.7,3,M,Men,2026-01-30T21:21:26.373143
T-shirt 788,3041120.0,4.7,3,L,Women,2026-01-30T21:21:26.373228
Hoodie 789,2153280.0,4.0,3,XL,Unisex,2026-01-30T21:21:26.373319
Pants 790,1708320.0,3.2,3,XXL,Men,2026-01-30T21:21:26.373402
Jacket 792,4068960.0,3.8,3,M,Unisex,2026-01-30T21:21:26.373562
Crewneck 793,8650080.0,4.0,3,L,Men,2026-01-30T21:21:26.373643
T-shirt 794,5983040.0,4.0,3,XL,Women,2026-01-30T21:21:26.373724
Hoodie 795,4209600.0,3.9,3,XXL,Unisex,2026-01-30T21:21:26.373807
Outerwear 797,2771360.0,4.9,3,M,Women,2026-01-30T21:21:26.373996
Jacket 798,4391040.0,3.4,3,L,Unisex,2026-01-30T21:21:26.374080
Crewneck 799,4048800.0,4.2,3,XL,Men,2026-01-30T21:21:26.374158
T-shirt 800,7433280.0,4.6,3,XXL,Women,2026-01-30T21:21:26.374238
Pants 802,5710240.0,4.4,3,M,Men,2026-01-30T21:21:27.163035
Outerwear 803,1875360.0,4.3,3,L,Women,2026-01-30T21:21:27.163134
Jacket 804,4459040.0,3.9,3,XL,Unisex,2026-01-30T21:21:27.163232
Crewneck 805,3266720.0,4.8,3,XXL,Men,2026-01-30T21:21:27.163326
T-shirt 806,7310560.0,3.0,3,S,Women,2026-01-30T21:21:27.163420
Hoodie 807,5016000.0,4.7,3,M,Unisex,2026-01-30T21:21:27.163515
Pants 808,8717760.0,3.2,3,L,Men,2026-01-30T21:21:27.163612
Outerwear 809,7162560.0,3.7,3,XL,Women,2026-01-30T21:21:27.163712
Jacket 810,3796640.0,4.8,3,XXL,Unisex,2026-01-30T21:21:27.163807
T-shirt 812,6406080.0,4.2,3,M,Women,2026-01-30T21:21:27.163992
Hoodie 813,4872800.0,5.0,3,L,Unisex,2026-01-30T21:21:27.164084
Pants 814,1110080.0,4.7,3,XL,Men,2026-01-30T21:21:27.164175
Outerwear 815,5985440.0,4.8,3,XXL,Women,2026-01-30T21:21:27.164265
Jacket 816,1649120.0,4.5,3,S,Unisex,2026-01-30T21:21:27.164354
Crewneck 817,8744160.0,4.4,3,M,Men,2026-01-30T21:21:27.164441
T-shirt 818,5160320.0,3.8,3,L,Women,2026-01-30T21:21:27.164537
Hoodie 819,4742400.0,4.7,3,XL,Unisex,2026-01-30T21:21:27.164628
Pants 820,6030720.0,3.4,3,XXL,Men,2026-01-30T21:21:27.164722
Jacket 822,838240.0,4.2,3,M,Unisex,2026-01-30T21:21:27.885917
Crewneck 823,6103520.0,4.7,3,L,Men,2026-01-30T21:21:27.886045
T-shirt 824,3301440.0,4.1,3,XL,Women,2026-01-30T21:21:27.886169
Hoodie 825,1058400.0,3.8,3,XXL,Unisex,2026-01-30T21:21:27.886290
Outerwear 827,7091040.0,4.8,3,M,Women,2026-01-30T21:21:27.886576
Jacket 828,2324000.0,4.6,3,L,Unisex,2026-01-30T21:21:27.886700
Crewneck 829,4630400.0,4.4,3,XL,Men,2026-01-30T21:21:27.886827
T-shirt 830,4496480.0,3.0,3,XXL,Women,2026-01-30T21:21:27.886948
Pants 832,3955360.0,4.6,3,M,Men,2026-01-30T21:21:27.887188
Outerwear 833,7101280.0,3.0,3,L,Women,2026-01-30T21:21:27.887570
Jacket 834,7223680.0,3.1,3,XL,Unisex,2026-01-30T21:21:27.887702
Crewneck 835,7143360.0,3.9,3,XXL,Men,2026-01-30T21:21:27.887826
T-shirt 836,6065440.0,4.1,3,S,Women,2026-01-30T21:21:27.887955
Hoodie 837,5532640.0,5.0,3,M,Unisex,2026-01-30T21:21:27.888072
Pants 838,2848800.0,3.1,3,L,Men,2026-01-30T21:21:27.888249
Outerwear 839,4208320.0,3.9,3,XL,Women,2026-01-30T21:21:27.888378
Jacket 840,8164640.0,3.6,3,XXL,Unisex,2026-01-30T21:21:27.888496
T-shirt 842,2859040.0,3.3,3,M,Women,2026-01-30T21:21:28.569786
Hoodie 843,2997120.0,3.6,3,L,Unisex,2026-01-30T21:21:28.569861
Pants 844,7422880.0,3.9,3,XL,Men,2026-01-30T21:21:28.569968
Outerwear 845,2023200.0,3.2,3,XXL,Women,2026-01-30T21:21:28.570195
Jacket 846,7480480.0,3.6,3,S,Unisex,2026-01-30T21:21:28.570366
Crewneck 847,4789920.0,3.7,3,M,Men,2026-01-30T21:21:28.570504
T-shirt 848,6134240.0,4.1,3,L,Women,2026-01-30T21:21:28.570624
Hoodie 849,7816160.0,3.5,3,XL,Unisex,2026-01-30T21:21:28.570741
Pants 850,4144160.0,4.2,3,XXL,Men,2026-01-30T21:21:28.570868
Jacket 852,2777280.0,4.1,3,M,Unisex,2026-01-30T21:21:28.571129
Crewneck 853,2643840.0,3.4,3,L,Men,2026-01-30T21:21:28.571247
T-shirt 854,1600000.0,4.5,3,XL,Women,2026-01-30T21:21:28.571473
Hoodie 855,3249760.0,5.0,3,XXL,Unisex,2026-01-30T21:21:28.571617
Outerwear 857,4532800.0,3.0,3,M,Women,2026-01-30T21:21:28.571912
Jacket 858,3748640.0,3.7,3,L,Unisex,2026-01-30T21:21:28.572282
Crewneck 859,6418560.0,3.0,3,XL,Men,2026-01-30T21:21:28.572529
T-shirt 860,2419360.0,4.7,3,XXL,Women,2026-01-30T21:21:28.572667
Pants 862,4131359.9999999995,3.3,3,M,Men,2026-01-30T21:21:29.354671
Outerwear 863,1071360.0,4.0,3,L,Women,2026-01-30T21:21:29.354887
Jacket 864,2168000.0,4.5,3,XL,Unisex,2026-01-30T21:21:29.355095
Crewneck 865,6805120.0,3.9,3,XXL,Men,2026-01-30T21:21:29.355298
T-shirt 866,2399040.0,3.2,3,S,Women,2026-01-30T21:21:29.355510
Hoodie 867,1303840.0,3.3,3,M,Unisex,2026-01-30T21:21:29.355714
Pants 868,7473760.0,4.6,3,L,Men,2026-01-30T21:21:29.355914
Outerwear 869,6040320.0,4.5,3,XL,Women,2026-01-30T21:21:29.356116
Jacket 870,6395040.0,3.5,3,XXL,Unisex,2026-01-30T21:21:29.356317
T-shirt 872,1343680.0,4.3,3,M,Women,2026-01-30T21:21:29.357003
Hoodie 873,8321600.0,4.8,3,L,Unisex,2026-01-30T21:21:29.357242
Pants 874,2755200.0,4.4,3,XL,Men,2026-01-30T21:21:29.357412
Outerwear 875,2506720.0,4.6,3,XXL,Women,2026-01-30T21:21:29.357617
Jacket 876,3225760.0,4.6,3,S,Unisex,2026-01-30T21:21:29.357775
Crewneck 877,4552640.0,4.6,3,M,Men,2026-01-30T21:21:29.357964
T-shirt 878,4809760.0,4.7,3,L,Women,2026-01-30T21:21:29.358092
Hoodie 879,1026880.0000000001,3.1,3,XL,Unisex,2026-01-30T21:21:29.358222
Pants 880,6497760.0,4.3,3,XXL,Men,2026-01-30T21:21:29.358353
Jacket 882,6420960.0,3.3,3,M,Unisex,2026-01-30T21:21:31.299058
Crewneck 883,5901120.0,3.6,3,L,Men,2026-01-30T21:21:31.299136
T-shirt 884,7414720.0,4.3,3,XL,Women,2026-01-30T21:21:31.299209
Hoodie 885,4760640.0,3.4,3,XXL,Unisex,2026-01-30T21:21:31.299841
Outerwear 887,7806400.0,3.8,3,M,Women,2026-01-30T21:21:31.300143
Jacket 888,7869280.0,4.2,3,L,Unisex,2026-01-30T21:21:31.300265
Crewneck 889,6333920.0,4.6,3,XL,Men,2026-01-30T21:21:31.300386
T-shirt 890,6439040.0,4.7,3,XXL,Women,2026-01-30T21:21:31.300504
Pants 892,8515360.0,4.4,3,M,Men,2026-01-30T21:21:31.301900
Outerwear 893,2673600.0,3.2,3,L,Women,2026-01-30T21:21:31.302067
Jacket 894,2946560.0,4.8,3,XL,Unisex,2026-01-30T21:21:31.302200
Crewneck 895,1126720.0,4.3,3,XXL,Men,2026-01-30T21:21:31.302335
T-shirt 896,7873760.0,4.9,3,S,Women,2026-01-30T21:21:31.302465
Hoodie 897,6077920.0,3.1,3,M,Unisex,2026-01-30T21:21:31.302588
Pants 898,8408640.0,4.1,3,L,Men,2026-01-30T21:21:31.304018
Outerwear 899,6192960.0,4.8,3,XL,Women,2026-01-30T21:21:31.304188
Jacket 900,7214240.0,3.3,3,XXL,Unisex,2026-01-30T21:21:31.304317
T-shirt 902,3164000.0,3.6,3,M,Women,2026-01-30T21:21:32.147153
Hoodie 903,2617920.0,4.1,3,L,Unisex,2026-01-30T21:21:32.147468
Pants 904,3356320.0,3.9,3,XL,Men,2026-01-30T21:21:32.147810
Outerwear 905,5027840.0,4.9,3,XXL,Women,2026-01-30T21:21:32.148129
Jacket 906,4301760.0,3.9,3,S,Unisex,2026-01-30T21:21:32.148425
Crewneck 907,8732640.0,4.9,3,M,Men,2026-01-30T21:21:32.148731
T-shirt 908,7954880.0,4.2,3,L,Women,2026-01-30T21:21:32.149021
Hoodie 909,8383840.0,3.6,3,XL,Unisex,2026-01-30T21:21:32.149322
Pants 910,2395200.0,4.7,3,XXL,Men,2026-01-30T21:21:32.149612
Jacket 912,7853280.0,4.9,3,M,Unisex,2026-01-30T21:21:32.150193
Crewneck 913,3222240.0,3.5,3,L,Men,2026-01-30T21:21:32.150478
T-shirt 914,5799200.0,4.6,3,XL,Women,2026-01-30T21:21:32.150771
Hoodie 915,2649120.0,4.2,3,XXL,Unisex,2026-01-30T21:21:32.151069
Outerwear 917,6061600.0,4.0,3,M,Women,2026-01-30T21:21:32.151782
Jacket 918,5380800.0,3.3,3,L,Unisex,2026-01-30T21:21:32.152114
Crewneck 919,8364000.0,4.7,3,XL,Men,2026-01-30T21:21:32.152427
T-shirt 920,3706080.0,3.2,3,XXL,Women,2026-01-30T21:21:32.152747
Pants 922,1210880.0,4.4,3,M,Men,2026-01-30T21:21:32.929460
Outerwear 923,2435840.0,3.7,3,L,Women,2026-01-30T21:21:32.929617
Jacket 924,3764320.0,3.8,3,XL,Unisex,2026-01-30T21:21:32.929756
Crewneck 925,7900800.0,4.5,3,XXL,Men,2026-01-30T21:21:32.929923
T-shirt 926,1911040.0,4.6,3,S,Women,2026-01-30T21:21:32.930147
Hoodie 927,7706400.0,3.5,3,M,Unisex,2026-01-30T21:21:32.930377
Pants 928,3911680.0,3.4,3,L,Men,2026-01-30T21:21:32.930586
Outerwear 929,1253440.0,3.3,3,XL,Women,2026-01-30T21:21:32.930815
Jacket 930,1741120.0,4.9,3,XXL,Unisex,2026-01-30T21:21:32.931155
T-shirt 932,5937600.0,4.2,3,M,Women,2026-01-30T21:21:32.931657
Hoodie 933,4960800.0,3.4,3,L,Unisex,2026-01-30T21:21:32.931899
Pants 934,2248160.0,3.6,3,XL,Men,2026-01-30T21:21:32.932121
Outerwear 935,6048000.0,4.1,3,XXL,Women,2026-01-30T21:21:32.932343
Jacket 936,6165440.0,3.1,3,S,Unisex,2026-01-30T21:21:32.932552
Crewneck 937,2475360.0,4.1,3,M,Men,2026-01-30T21:21:32.932761
T-shirt 938,4058400.0,3.6,3,L,Women,2026-01-30T21:21:32.932981
Hoodie 939,4466080.0,4.8,3,XL,Unisex,2026-01-30T21:21:32.933191
Pants 940,5776000.0,3.7,3,XXL,Men,2026-01-30T21:21:32.933396
Jacket 942,7972960.0,3.0,3,M,Unisex,2026-01-30T21:21:33.701094
Crewneck 943,4571040.0,4.4,3,L,Men,2026-01-30T21:21:33.701295
T-shirt 944,1578240.0,4.6,3,XL,Women,2026-01-30T21:21:33.701509
Hoodie 945,2107680.0,4.2,3,XXL,Unisex,2026-01-30T21:21:33.701712
Outerwear 947,7079680.0,4.6,3,M,Women,2026-01-30T21:21:33.702182
Jacket 948,4600480.0,3.9,3,L,Unisex,2026-01-30T21:21:33.702383
Crewneck 949,1844320.0,4.4,3,XL,Men,2026-01-30T21:21:33.702582
T-shirt 950,7691680.0,4.9,3,XXL,Women,2026-01-30T21:21:33.702782
Pants 952,7155040.0,3.7,3,M,Men,2026-01-30T21:21:33.703187
Outerwear 953,8423200.0,3.8,3,L,Women,2026-01-30T21:21:33.703384
Jacket 954,3878720.0,4.1,3,XL,Unisex,2026-01-30T21:21:33.703581
Crewneck 955,7006560.0,4.7,3,XXL,Men,2026-01-30T21:21:33.703793
T-shirt 956,4457600.0,3.1,3,S,Women,2026-01-30T21:21:33.704000
Hoodie 957,4024320.0,4.4,3,M,Unisex,2026-01-30T21:21:33.704199
Pants 958,3946240.0,4.8,3,L,Men,2026-01-30T21:21:33.704394
Outerwear 959,6828480.0,4.6,3,XL,Women,2026-01-30T21:21:33.704593
Jacket 960,5840160.0,4.5,3,XXL,Unisex,2026-01-30T21:21:33.704796
T-shirt 962,2887840.0,4.1,3,M,Women,2026-01-30T21:21:34.504562
Hoodie 963,7916160.0,4.6,3,L,Unisex,2026-01-30T21:21:34.504702
Pants 964,3885280.0,3.3,3,XL,Men,2026-01-30T21:21:34.505752
Outerwear 965,3107200.0,4.5,3,XXL,Women,2026-01-30T21:21:34.505941
Jacket 966,8499520.0,4.9,3,S,Unisex,2026-01-30T21:21:34.506308
Crewneck 967,1744000.0,3.5,3,M,Men,2026-01-30T21:21:34.506437
T-shirt 968,4045120.0,4.4,3,L,Women,2026-01-30T21:21:34.506564
Hoodie 969,4231840.0,3.8,3,XL,Unisex,2026-01-30T21:21:34.506689
Pants 970,952960.0,4.6,3,XXL,Men,2026-01-30T21:21:34.506967
Jacket 972,7272000.0,4.4,3,M,Unisex,2026-01-30T21:21:34.507215
Crewneck 973,7134400.0,3.9,3,L,Men,2026-01-30T21:21:34.507334
T-shirt 974,4769280.0,3.0,3,XL,Women,2026-01-30T21:21:34.508107
Hoodie 975,4816000.0,3.6,3,XXL,Unisex,2026-01-30T21:21:34.508291
Outerwear 977,3356000.0,3.6,3,M,Women,2026-01-30T21:21:34.508898
Jacket 978,3918240.0,3.6,3,L,Unisex,2026-01-30T21:21:34.509068
Crewneck 979,4848480.0,3.4,3,XL,Men,2026-01-30T21:21:34.509221
T-shirt 980,6544000.0,3.1,3,XXL,Women,2026-01-30T21:21:34.509368
Pants 982,7281760.0,4.9,3,M,Men,2026-01-30T21:21:35.375788
Outerwear 983,5762560.0,3.2,3,L,Women,2026-01-30T21:21:35.376002
Jacket 984,7349440.0,3.8,3,XL,Unisex,2026-01-30T21:21:35.376205
Crewneck 985,6236000.0,4.3,3,XXL,Men,2026-01-30T21:21:35.376404
T-shirt 986,6713760.0,4.5,3,S,Women,2026-01-30T21:21:35.376601
Hoodie 987,4008000.0,4.7,3,M,Unisex,2026-01-30T21:21:35.376805
Pants 988,2054239.9999999998,3.5,3,L,Men,2026-01-30T21:21:35.377003
Outerwear 989,6869440.0,4.2,3,XL,Women,2026-01-30T21:21:35.377202
Jacket 990,3327360.0,4.2,3,XXL,Unisex,2026-01-30T21:21:35.377397
T-shirt 992,4840480.0,4.9,3,M,Women,2026-01-30T21:21:35.377787
Hoodie 993,6361920.0,3.4,3,L,Unisex,2026-01-30T21:21:35.377979
Pants 994,1693760.0,4.4,3,XL,Men,2026-01-30T21:21:35.378172
Outerwear 995,8046720.0,3.2,3,XXL,Women,2026-01-30T21:21:35.378366
Jacket 996,6942400.0,4.3,3,S,Unisex,2026-01-30T21:21:35.378561
Crewneck 997,5321280.0,3.9,3,M,Men,2026-01-30T21:21:35.381664
T-shirt 998,908000.0,4.2,3,L,Women,2026-01-30T21:21:35.381867
Hoodie 999,8534240.0,4.8,3,XL,Unisex,2026-01-30T21:21:35.382068
Pants 1000,2938240.0,4.7,3,XXL,Men,2026-01-30T21:21:35.382266
